Legend,Volume/[m^3],Box size/[m],Temperature/[K],Number of wat,Number of Na,Number of B,Pressure/[Pa],Tot Energy/[kJ],Potential Energy/[kJ],Density/[kg/m^3],Molarity/[mol/l],Molality/[mol/kg],Viscosity shear/[Pa*s],Viscosity bulk/[Pa*s],Self diffusivity YH_cor wat/[m^2/s],Self diffusivity YH_cor Na/[m^2/s],Self diffusivity YH_cor B/[m^2/s],Onsager watwat/[m^2/s],Onsager watNa/[m^2/s],Onsager watB/[m^2/s],Onsager NaNa/[m^2/s],Onsager NaB/[m^2/s],Onsager BB/[m^2/s]
Mean,1.64176e-26,2.541576666455325e-09,297.979,500.0,27.0,27.0,-2906066.98790625,-36259.6423,-40340.151060000004,1189.2862,2.7308841074205716,2.9974554933367674,,0.002962535352956862,,,,1.8064315798521573e-10,-8.664797146295343e-12,-4.035821299638993e-11,2.212913709034647e-11,-4.658943613546501e-12,1.0311317689530696e-11
std,6.982478070141398e-30,3.6029159540313755e-13,0.041703941660232655,0.0,0.0,0.0,1626111.8978740426,6.577710100179278,6.84195548244746,0.5020479359583331,0.0011612345400128573,0.0,,0.0,,,,0.0,0.0,0.0,1.5470804974235543e-12,7.635314595152158e-13,0.0
# success,4.0,4.0,4.0,4.0,4.0,4.0,4.0,4.0,4.0,4.0,4.0,4.0,0.0,1.0,0.0,0.0,0.0,1.0,1.0,1.0,3.0,2.0,1.0
