Legend,Volume/[m^3],Box size/[m],Temperature/[K],Number of wat,Number of Na,Number of B,Pressure/[Pa],Tot Energy/[kJ],Potential Energy/[kJ],Density/[kg/m^3],Molarity/[mol/l],Molality/[mol/kg],Viscosity shear/[Pa*s],Viscosity bulk/[Pa*s],Self diffusivity YH_cor wat/[m^2/s],Self diffusivity YH_cor Na/[m^2/s],Self diffusivity YH_cor B/[m^2/s],Onsager watwat/[m^2/s],Onsager watNa/[m^2/s],Onsager watB/[m^2/s],Onsager NaNa/[m^2/s],Onsager NaB/[m^2/s],Onsager BB/[m^2/s]
Mean,1.64176e-26,2.541576666455325e-09,297.89549999999997,500.0,27.0,27.0,-2448817.7870625,-36268.75505199999,-40348.119488000004,1189.2862,2.7308841074205716,2.9974554933367674,,0.003721278659839447,,,,1.9973702905476237e-10,-1.8530584484901793e-11,-4.078520354499688e-11,1.9273864186828276e-11,-4.1901212074772283e-13,9.347902995280434e-12
std,6.982478070141398e-30,3.6029159540313755e-13,0.06391298772550114,0.0,0.0,0.0,1988869.6570957447,8.00367157748618,7.6599236336120065,0.5020479359583331,0.0011612345400128573,0.0,,0.0008794867409805599,,,,2.2762311765174653e-11,3.633442487308532e-12,3.804132366393843e-12,1.3273048006222952e-12,2.6892178177363817e-12,2.656117642902255e-13
# success,4.0,4.0,4.0,4.0,4.0,4.0,4.0,4.0,4.0,4.0,4.0,4.0,0.0,3.0,0.0,0.0,0.0,3.0,2.0,4.0,2.0,3.0,3.0
