Legend,Volume/[m^3],Box size/[m],Temperature/[K],Number of wat,Number of S,Number of Li,Pressure/[Pa],Tot Energy/[kJ],Potential Energy/[kJ],Density/[kg/m^3],Molarity/[mol/l],Molality/[mol/kg],Viscosity shear/[Pa*s],Viscosity bulk/[Pa*s],Self diffusivity YH_cor wat/[m^2/s],Self diffusivity YH_cor S/[m^2/s],Self diffusivity YH_cor Li/[m^2/s],Onsager watwat/[m^2/s],Onsager watS/[m^2/s],Onsager watLi/[m^2/s],Onsager SS/[m^2/s],Onsager SLi/[m^2/s],Onsager LiLi/[m^2/s]
Mean,1.6414166666666668e-26,2.5413995213989567e-09,297.92106666666666,500.0,27.0,54.0,1732258.88745,-63327.545653333334,-67574.47301333334,1211.6393,2.731454970341696,2.9974554933367674,,,,,,3.180658109372984e-10,-5.900429322823136e-11,1.5841414103788677e-11,1.1067751884825281e-11,-4.099963197608882e-12,1.707670783851015e-11
std,3.727674282386683e-30,1.923751971522985e-13,0.12036824978189255,0.0,0.0,0.0,2805472.7480143434,10.804985919522212,10.112093157658057,0.2717223705671523,0.0006202231279406936,0.0,,,,,,2.859124665964111e-11,5.038829434697069e-12,0.0,8.631793673501335e-13,0.0,3.0558438365175637e-13
# success,3.0,3.0,3.0,3.0,3.0,3.0,3.0,3.0,3.0,3.0,3.0,3.0,0.0,0.0,0.0,0.0,0.0,2.0,2.0,1.0,2.0,1.0,2.0
