Legend,Volume/[m^3],Box size/[m],Temperature/[K],Number of wat,Number of Na,Number of B,Pressure/[Pa],Tot Energy/[kJ],Potential Energy/[kJ],Density/[kg/m^3],Molarity/[mol/l],Molality/[mol/kg],Viscosity shear/[Pa*s],Viscosity bulk/[Pa*s],Self diffusivity YH_cor wat/[m^2/s],Self diffusivity YH_cor Na/[m^2/s],Self diffusivity YH_cor B/[m^2/s],Onsager watwat/[m^2/s],Onsager watNa/[m^2/s],Onsager watB/[m^2/s],Onsager NaNa/[m^2/s],Onsager NaB/[m^2/s],Onsager BB/[m^2/s]
Mean,1.64176e-26,2.541576666455325e-09,297.87917857142855,500.0,27.0,27.0,-2065224.52963125,-36269.40745714286,-40348.54894571429,1189.2862,2.7308841074205716,2.9974554933367674,0.002477765035080486,0.004287047547360452,1.0612378226617991e-09,6.596852032043853e-10,4.5338566240973095e-10,1.9759667027440877e-10,-1.7617136120132507e-11,-4.038586502577982e-11,2.068224168985915e-11,-1.8381650604012134e-12,8.931699000435748e-12
std,6.982478070141398e-30,3.6029159540313755e-13,0.06448188323324922,0.0,0.0,0.0,1921609.0006059688,10.993371951141757,10.641486864452526,0.5020479359583331,0.0011612345400128573,0.0,0.00015515761971459708,0.0005672524212947634,3.81592768345961e-11,0.0,0.0,3.422074523019839e-11,3.844764344024271e-12,5.8123525186261475e-12,1.9311681977594455e-12,9.815092432857096e-13,5.454683930223476e-13
# success,4.0,4.0,4.0,4.0,4.0,4.0,4.0,4.0,4.0,4.0,4.0,4.0,2.0,3.0,2.0,1.0,1.0,4.0,2.0,4.0,3.0,3.0,3.0
