Legend,Volume/[m^3],Box size/[m],Temperature/[K],Number of wat,Number of S,Number of Li,Pressure/[Pa],Tot Energy/[kJ],Potential Energy/[kJ],Density/[kg/m^3],Molarity/[mol/l],Molality/[mol/kg],Viscosity shear/[Pa*s],Viscosity bulk/[Pa*s],Self diffusivity YH_cor wat/[m^2/s],Self diffusivity YH_cor S/[m^2/s],Self diffusivity YH_cor Li/[m^2/s],Onsager watwat/[m^2/s],Onsager watS/[m^2/s],Onsager watLi/[m^2/s],Onsager SS/[m^2/s],Onsager SLi/[m^2/s],Onsager LiLi/[m^2/s]
Mean,1.6414166666666668e-26,2.5413995213989567e-09,297.92285714285714,500.0,27.0,54.0,1246468.25675,-63329.32285714286,-67576.28209523809,1211.6393,2.731454970341696,2.9974554933367674,,,,,,3.186243210377657e-10,-5.975338853068441e-11,8.415504304963784e-12,1.1288883439617459e-11,-2.8019585762371903e-12,1.6430986336014613e-11
std,3.727674282386683e-30,1.923751971522985e-13,0.10883874776876747,0.0,0.0,0.0,2849031.3669509497,9.820316162184717,9.423603859099735,0.2717223705671523,0.0006202231279406936,0.0,,,,,,1.62624297821054e-11,3.061940902606675e-12,1.7207497704420016e-12,5.8197896574212e-13,1.6268071243086688e-13,0.0
# success,3.0,3.0,3.0,3.0,3.0,3.0,3.0,3.0,3.0,3.0,3.0,3.0,0.0,0.0,0.0,0.0,0.0,2.0,2.0,2.0,2.0,2.0,1.0
