Legend,Volume/[m^3],Box size/[m],Temperature/[K],Number of wat,Number of S,Number of Li,Pressure/[Pa],Tot Energy/[kJ],Potential Energy/[kJ],Density/[kg/m^3],Molarity/[mol/l],Molality/[mol/kg],Viscosity shear/[Pa*s],Viscosity bulk/[Pa*s],Self diffusivity YH_cor wat/[m^2/s],Self diffusivity YH_cor S/[m^2/s],Self diffusivity YH_cor Li/[m^2/s],Onsager watwat/[m^2/s],Onsager watS/[m^2/s],Onsager watLi/[m^2/s],Onsager SS/[m^2/s],Onsager SLi/[m^2/s],Onsager LiLi/[m^2/s]
Mean,1.6414166666666668e-26,2.5413995213989567e-09,297.9152777777777,500.0,27.0,54.0,2364013.7495041667,-63329.10535555556,-67575.95833333333,1211.6393,2.731454970341696,2.9974554933367674,,0.004637666391263396,,,,3.0380242291121533e-10,-5.702143680016156e-11,4.895879447947207e-12,1.0770278979795818e-11,,
std,3.727674282386683e-30,1.923751971522985e-13,0.10975810946163816,0.0,0.0,0.0,2730017.939975861,10.310260615666566,9.709898914859066,0.2717223705671523,0.0006202231279406936,0.0,,0.0,,,,1.097341272788993e-11,2.041253410892854e-12,0.0,3.785330935207962e-13,,
# success,3.0,3.0,3.0,3.0,3.0,3.0,3.0,3.0,3.0,3.0,3.0,3.0,0.0,1.0,0.0,0.0,0.0,2.0,2.0,1.0,2.0,0.0,0.0
