Legend,Volume/[m^3],Box size/[m],Temperature/[K],Number of wat,Number of Na,Number of B,Pressure/[Pa],Tot Energy/[kJ],Potential Energy/[kJ],Density/[kg/m^3],Molarity/[mol/l],Molality/[mol/kg],Viscosity shear/[Pa*s],Viscosity bulk/[Pa*s],Self diffusivity YH_cor wat/[m^2/s],Self diffusivity YH_cor Na/[m^2/s],Self diffusivity YH_cor B/[m^2/s],Onsager watwat/[m^2/s],Onsager watNa/[m^2/s],Onsager watB/[m^2/s],Onsager NaNa/[m^2/s],Onsager NaB/[m^2/s],Onsager BB/[m^2/s]
Mean,1.64176e-26,2.541576666455325e-09,297.8758125,500.0,27.0,27.0,-1882576.0891546882,-36275.70363,-40354.79593166667,1189.2862,2.7308841074205716,2.9974554933367674,0.0021982817575961337,0.0039027436576699348,1.1073440081287891e-09,6.192299030630928e-10,4.5779825902531723e-10,2.0819751996106324e-10,-1.7901948481738868e-11,-4.110595915603022e-11,2.0315752047038046e-11,-1.8420008265255445e-12,9.17962255803845e-12
std,6.982478070141398e-30,3.6029159540313755e-13,0.07744342973440625,0.0,0.0,0.0,1870014.4175649078,11.331385785365217,10.945958010467855,0.5020479359583331,0.0011612345400128573,0.0,5.1368767366105304e-05,0.000582978792599298,4.15783134806062e-11,1.4911180874050204e-11,1.7885101611697283e-11,2.9922297426719485e-11,3.2770686751948014e-12,4.866829301028558e-12,1.8418583566253712e-12,6.399138426885685e-13,5.177209665552129e-13
# success,4.0,4.0,4.0,4.0,4.0,4.0,4.0,4.0,4.0,4.0,4.0,4.0,3.0,3.0,3.0,2.0,2.0,4.0,4.0,4.0,3.0,3.0,3.0
