Legend,Volume/[m^3],Box size/[m],Temperature/[K],Number of wat,Number of Na,Number of B,Pressure/[Pa],Tot Energy/[kJ],Potential Energy/[kJ],Density/[kg/m^3],Molarity/[mol/l],Molality/[mol/kg],Viscosity shear/[Pa*s],Viscosity bulk/[Pa*s],Self diffusivity YH_cor wat/[m^2/s],Self diffusivity YH_cor Na/[m^2/s],Self diffusivity YH_cor B/[m^2/s],Onsager watwat/[m^2/s],Onsager watNa/[m^2/s],Onsager watB/[m^2/s],Onsager NaNa/[m^2/s],Onsager NaB/[m^2/s],Onsager BB/[m^2/s]
Mean,1.64176e-26,2.541576666455325e-09,297.8697833333333,500.0,27.0,27.0,-1694996.6338987506,-36277.24996666667,-40356.26085466666,1189.2862,2.7308841074205716,2.9974554933367674,0.0022247907074190655,0.004659071998536767,1.101467614722284e-09,5.99483776066233e-10,4.512826669158369e-10,2.274396743258818e-10,-1.8106995885237098e-11,-4.3118379570033544e-11,1.9916019585479048e-11,-1.7420061989581571e-12,1.0158313540114853e-11
std,6.982478070141398e-30,3.6029159540313755e-13,0.07744444962537958,0.0,0.0,0.0,2135367.200804495,11.484967672472617,11.110218509360934,0.5020479359583331,0.0011612345400128573,0.0,4.863148062484214e-05,0.0006771542618975459,3.9802632629995225e-11,1.5341315951463917e-11,9.797344720025697e-12,2.0250127762669327e-11,4.097127610506521e-12,1.404841656038436e-13,2.509645844290007e-12,6.87473010630495e-13,6.516720597419223e-14
# success,4.0,4.0,4.0,4.0,4.0,4.0,4.0,4.0,4.0,4.0,4.0,4.0,3.0,4.0,3.0,3.0,2.0,3.0,4.0,2.0,4.0,3.0,2.0
