Legend,Volume/[m^3],Box size/[m],Temperature/[K],Number of wat,Number of S,Number of Li,Pressure/[Pa],Tot Energy/[kJ],Potential Energy/[kJ],Density/[kg/m^3],Molarity/[mol/l],Molality/[mol/kg],Viscosity shear/[Pa*s],Viscosity bulk/[Pa*s],Self diffusivity YH_cor wat/[m^2/s],Self diffusivity YH_cor S/[m^2/s],Self diffusivity YH_cor Li/[m^2/s],Onsager watwat/[m^2/s],Onsager watS/[m^2/s],Onsager watLi/[m^2/s],Onsager SS/[m^2/s],Onsager SLi/[m^2/s],Onsager LiLi/[m^2/s]
Mean,1.6414166666666668e-26,2.5413995213989567e-09,297.89286274509806,500.0,27.0,54.0,2802100.1635323525,-63331.31289411765,-67577.8513882353,1211.6393,2.731454970341696,2.9974554933367674,0.002483915487004075,0.004615980135460665,,,,2.9599024017990585e-10,-5.569257152202609e-11,1.1693948032405892e-12,1.054704116748526e-11,-2.5187733366860774e-12,1.5946303396359406e-11
std,3.727674282386683e-30,1.923751971522985e-13,0.107885774102747,0.0,0.0,0.0,2841086.896985805,11.02323181243504,10.3464624559685,0.2717223705671523,0.0006202231279406936,0.0,7.26447765232621e-06,0.00025859565181159203,,,,0.0,0.0,6.293320072457557e-12,0.0,0.0,0.0
# success,3.0,3.0,3.0,3.0,3.0,3.0,3.0,3.0,3.0,3.0,3.0,3.0,2.0,2.0,0.0,0.0,0.0,1.0,1.0,2.0,1.0,1.0,1.0
