Legend,Volume/[m^3],Box size/[m],Temperature/[K],Number of wat,Number of Na,Number of B,Pressure/[Pa],Tot Energy/[kJ],Potential Energy/[kJ],Density/[kg/m^3],Molarity/[mol/l],Molality/[mol/kg],Viscosity shear/[Pa*s],Viscosity bulk/[Pa*s],Self diffusivity YH_cor wat/[m^2/s],Self diffusivity YH_cor Na/[m^2/s],Self diffusivity YH_cor B/[m^2/s],Onsager watwat/[m^2/s],Onsager watNa/[m^2/s],Onsager watB/[m^2/s],Onsager NaNa/[m^2/s],Onsager NaB/[m^2/s],Onsager BB/[m^2/s]
Mean,1.64176e-26,2.541576666455325e-09,297.8448088235294,500.0,27.0,27.0,-1486991.2065209555,-36278.986531764705,-40357.65556235294,1189.2862,2.7308841074205716,2.9974554933367674,0.0023116743012115567,0.0048161370701634496,1.0735733322548234e-09,5.704706884414968e-10,4.4802121511384436e-10,2.0454817194046164e-10,-1.9079561230470334e-11,-4.08125375355262e-11,2.143989571790206e-11,-1.4921620224733426e-12,9.851920629750122e-12
std,6.982478070141398e-30,3.6029159540313755e-13,0.08347750821127063,0.0,0.0,0.0,2140177.7835883396,11.514838381850826,11.053250701865531,0.5020479359583331,0.0011612345400128573,0.0,0.00027591090018956566,0.00036486498526275664,6.546043413986275e-11,5.363845163165425e-11,1.4804447170205987e-11,2.5556177888370804e-12,4.852425605485569e-12,2.5946202241973164e-12,2.8801978951594636e-12,6.209007060951112e-13,6.694038685329923e-13
# success,4.0,4.0,4.0,4.0,4.0,4.0,4.0,4.0,4.0,4.0,4.0,4.0,4.0,4.0,4.0,3.0,2.0,2.0,3.0,2.0,3.0,4.0,2.0
