Legend,Volume/[m^3],Box size/[m],Temperature/[K],Number of wat,Number of Na,Number of B,Pressure/[Pa],Tot Energy/[kJ],Potential Energy/[kJ],Density/[kg/m^3],Molarity/[mol/l],Molality/[mol/kg],Viscosity shear/[Pa*s],Viscosity bulk/[Pa*s],Self diffusivity YH_cor wat/[m^2/s],Self diffusivity YH_cor Na/[m^2/s],Self diffusivity YH_cor B/[m^2/s],Onsager watwat/[m^2/s],Onsager watNa/[m^2/s],Onsager watB/[m^2/s],Onsager NaNa/[m^2/s],Onsager NaB/[m^2/s],Onsager BB/[m^2/s]
Mean,1.64176e-26,2.541576666455325e-09,297.8598675,500.0,27.0,27.0,-358573.7512831688,-36278.499064999996,-40357.374286800004,1189.2862,2.7308841074205716,2.9974554933367674,0.0023720462031268756,0.004976881247499715,1.0633569184390337e-09,5.601130097622529e-10,4.094633942600864e-10,2.067098833810717e-10,-2.2267100079624054e-11,-4.408032816756061e-11,1.7298283177229568e-11,-3.696277589536987e-13,9.70073913547375e-12
std,6.982478070141398e-30,3.6029159540313755e-13,0.08535257249345185,0.0,0.0,0.0,2616984.9210745934,13.515155720468552,13.171883123889867,0.5020479359583331,0.0011612345400128573,0.0,0.0001452002118710626,0.00034346162497584786,7.05378632169762e-11,3.371914513883625e-11,3.190961543373258e-11,1.4124394476572297e-11,6.133843832019534e-12,1.4439865611926475e-12,1.723242826488667e-12,9.411737291745364e-13,8.119616062064265e-13
# success,4.0,4.0,4.0,4.0,4.0,4.0,4.0,4.0,4.0,4.0,4.0,4.0,4.0,3.0,4.0,4.0,4.0,4.0,4.0,4.0,4.0,4.0,4.0
