Legend,Volume/[m^3],Box size/[m],Temperature/[K],Number of wat,Number of S,Number of Li,Pressure/[Pa],Tot Energy/[kJ],Potential Energy/[kJ],Density/[kg/m^3],Molarity/[mol/l],Molality/[mol/kg],Viscosity shear/[Pa*s],Viscosity bulk/[Pa*s],Self diffusivity YH_cor wat/[m^2/s],Self diffusivity YH_cor S/[m^2/s],Self diffusivity YH_cor Li/[m^2/s],Onsager watwat/[m^2/s],Onsager watS/[m^2/s],Onsager watLi/[m^2/s],Onsager SS/[m^2/s],Onsager SLi/[m^2/s],Onsager LiLi/[m^2/s]
Mean,1.6414166666666668e-26,2.5413995213989567e-09,297.89282000000003,500.0,27.0,54.0,1613528.5660375003,-63329.466109333334,-67575.98762133333,1211.6393,2.731454970341696,2.9974554933367674,0.0026149283871042153,,9.652323677402884e-10,3.8983865372037685e-10,4.02581166491769e-10,2.573549342224042e-10,1.6602692005216772e-12,,1.0511500470228601e-11,-1.3801600300405865e-12,1.8995036833752045e-11
std,3.727674282386683e-30,1.923751971522985e-13,0.10040934153088991,0.0,0.0,0.0,3442674.735619183,12.8690547176424,12.453230841214104,0.2717223705671523,0.0006202231279406936,0.0,9.690891258065087e-05,,1.9781377623009075e-10,1.0786449951101039e-11,9.08565296711441e-12,0.0,4.986210952886802e-11,,1.3560366053499372e-12,0.0,2.726147590465211e-12
# success,3.0,3.0,3.0,3.0,3.0,3.0,3.0,3.0,3.0,3.0,3.0,3.0,3.0,0.0,3.0,2.0,2.0,1.0,2.0,0.0,2.0,1.0,2.0
