Legend,Volume/[m^3],Box size/[m],Temperature/[K],Number of wat,Number of S,Number of Li,Pressure/[Pa],Tot Energy/[kJ],Potential Energy/[kJ],Density/[kg/m^3],Molarity/[mol/l],Molality/[mol/kg],Viscosity shear/[Pa*s],Viscosity bulk/[Pa*s],Self diffusivity YH_cor wat/[m^2/s],Self diffusivity YH_cor S/[m^2/s],Self diffusivity YH_cor Li/[m^2/s],Onsager watwat/[m^2/s],Onsager watS/[m^2/s],Onsager watLi/[m^2/s],Onsager SS/[m^2/s],Onsager SLi/[m^2/s],Onsager LiLi/[m^2/s]
Mean,1.6414166666666668e-26,2.5413995213989567e-09,297.89682666666664,500.0,27.0,54.0,1724831.4244980002,-63332.558643200005,-67579.1378944,1211.6393,2.731454970341696,2.9974554933367674,0.0026796651036437545,,1.045373758566054e-09,5.159968154714126e-10,5.284178266864963e-10,,,,,,
std,3.727674282386683e-30,1.923751971522985e-13,0.10038723205224517,0.0,0.0,0.0,3426253.237184207,13.428731126154391,13.0559562997553,0.2717223705671523,0.0006202231279406936,0.0,9.401115306343239e-05,,0.0,0.0,0.0,,,,,,
# success,3.0,3.0,3.0,3.0,3.0,3.0,3.0,3.0,3.0,3.0,3.0,3.0,3.0,0.0,1.0,1.0,1.0,0.0,0.0,0.0,0.0,0.0,0.0
