Legend,Volume/[m^3],Box size/[m],Temperature/[K],Number of wat,Number of Na,Number of B,Pressure/[Pa],Tot Energy/[kJ],Potential Energy/[kJ],Density/[kg/m^3],Molarity/[mol/l],Molality/[mol/kg],Viscosity shear/[Pa*s],Viscosity bulk/[Pa*s],Self diffusivity YH_cor wat/[m^2/s],Self diffusivity YH_cor Na/[m^2/s],Self diffusivity YH_cor B/[m^2/s],Onsager watwat/[m^2/s],Onsager watNa/[m^2/s],Onsager watB/[m^2/s],Onsager NaNa/[m^2/s],Onsager NaB/[m^2/s],Onsager BB/[m^2/s]
Mean,1.64176e-26,2.541576666455325e-09,297.86310199999997,500.0,27.0,27.0,-365888.8375198345,-36277.81165472,-40356.73124784,1189.2862,2.7308841074205716,2.9974554933367674,0.0023355549543689624,0.005133089678206908,1.0656281877828805e-09,5.603546523456944e-10,4.106558151100481e-10,2.174822716311066e-10,-2.0259972791078938e-11,-4.296878219267848e-11,1.783284754432878e-11,1.194089366334627e-13,9.874900399136878e-12
std,6.982478070141398e-30,3.6029159540313755e-13,0.08403807484705927,0.0,0.0,0.0,2658761.740298036,13.505377359703973,13.163586817356581,0.5020479359583331,0.0011612345400128573,0.0,0.0001398804532874435,0.00027105076600682476,7.146348075095606e-11,2.8239437257577124e-11,2.6343217856672227e-11,7.966532575486845e-12,2.000368736771994e-12,1.4208646795355076e-12,1.5932928375003255e-12,7.699860005754496e-13,3.920934491561286e-13
# success,4.0,4.0,4.0,4.0,4.0,4.0,4.0,4.0,4.0,4.0,4.0,4.0,4.0,3.0,4.0,4.0,4.0,4.0,4.0,4.0,4.0,4.0,4.0
