Legend,Volume/[m^3],Box size/[m],Temperature/[K],Number of wat,Number of Na,Number of B,Pressure/[Pa],Tot Energy/[kJ],Potential Energy/[kJ],Density/[kg/m^3],Molarity/[mol/l],Molality/[mol/kg],Viscosity shear/[Pa*s],Viscosity bulk/[Pa*s],Self diffusivity YH_cor wat/[m^2/s],Self diffusivity YH_cor Na/[m^2/s],Self diffusivity YH_cor B/[m^2/s],Onsager watwat/[m^2/s],Onsager watNa/[m^2/s],Onsager watB/[m^2/s],Onsager NaNa/[m^2/s],Onsager NaB/[m^2/s],Onsager BB/[m^2/s]
Mean,1.64176e-26,2.541576666455325e-09,297.8649433333333,500.0,27.0,27.0,-449080.9614896502,-36276.717204,-40355.661775600005,1189.2862,2.7308841074205716,2.9974554933367674,0.002364575588814895,0.005219927832879137,1.0642273379374755e-09,5.573975351929148e-10,4.1069598853515657e-10,2.1455764577356425e-10,-2.0850707599209227e-11,-4.374178428919373e-11,1.8231400269611706e-11,-2.600287929187035e-13,9.53074365099039e-12
std,6.982478070141398e-30,3.6029159540313755e-13,0.08408698680533147,0.0,0.0,0.0,2662103.3125051092,13.352197046533748,12.999919895679016,0.5020479359583331,0.0011612345400128573,0.0,0.00015287656942473293,0.00012015796030949046,7.025261288336869e-11,2.573696041140174e-11,2.491307507075182e-11,1.8238636195240022e-11,1.3245232538815632e-12,1.7190199338875882e-12,1.401747729060877e-12,3.3879113881860906e-13,8.326943344942029e-13
# success,4.0,4.0,4.0,4.0,4.0,4.0,4.0,4.0,4.0,4.0,4.0,4.0,4.0,3.0,4.0,4.0,4.0,4.0,4.0,4.0,4.0,3.0,4.0
