Legend,Volume/[m^3],Box size/[m],Temperature/[K],Number of wat,Number of S,Number of Li,Pressure/[Pa],Tot Energy/[kJ],Potential Energy/[kJ],Density/[kg/m^3],Molarity/[mol/l],Molality/[mol/kg],Viscosity shear/[Pa*s],Viscosity bulk/[Pa*s],Self diffusivity YH_cor wat/[m^2/s],Self diffusivity YH_cor S/[m^2/s],Self diffusivity YH_cor Li/[m^2/s],Onsager watwat/[m^2/s],Onsager watS/[m^2/s],Onsager watLi/[m^2/s],Onsager SS/[m^2/s],Onsager SLi/[m^2/s],Onsager LiLi/[m^2/s]
Mean,1.6414166666666668e-26,2.5413995213989567e-09,297.89934444444447,500.0,27.0,54.0,1829310.0919438333,-63333.495301333336,-67580.10746666667,1211.6393,2.731454970341696,2.9974554933367674,0.0026488770326072645,,,,,,,,,,
std,3.727674282386683e-30,1.923751971522985e-13,0.10077289335217102,0.0,0.0,0.0,3443585.533065425,13.40174848096261,13.02883258133673,0.2717223705671523,0.0006202231279406936,0.0,0.00017809322316048037,,,,,,,,,,
# success,3.0,3.0,3.0,3.0,3.0,3.0,3.0,3.0,3.0,3.0,3.0,3.0,2.0,0.0,0.0,0.0,0.0,0.0,0.0,0.0,0.0,0.0,0.0
