Legend,Volume/[m^3],Box size/[m],Temperature/[K],Number of wat,Number of Na,Number of B,Pressure/[Pa],Tot Energy/[kJ],Potential Energy/[kJ],Density/[kg/m^3],Molarity/[mol/l],Molality/[mol/kg],Viscosity shear/[Pa*s],Viscosity bulk/[Pa*s],Self diffusivity YH_cor wat/[m^2/s],Self diffusivity YH_cor Na/[m^2/s],Self diffusivity YH_cor B/[m^2/s],Onsager watwat/[m^2/s],Onsager watNa/[m^2/s],Onsager watB/[m^2/s],Onsager NaNa/[m^2/s],Onsager NaB/[m^2/s],Onsager BB/[m^2/s]
Mean,1.64176e-26,2.541576666455325e-09,297.8707285714286,500.0,27.0,27.0,-423728.4941021998,-36276.25331794286,-40355.277056800005,1189.2862,2.7308841074205716,2.9974554933367674,0.002364800210906316,0.006116358246428985,1.0619107171675795e-09,5.595239312592982e-10,4.165943781663677e-10,2.0977281899914182e-10,-2.1504979216423036e-11,-4.226159331257502e-11,1.8825784618562076e-11,-1.0742704301497967e-13,9.756449842267719e-12
std,6.982478070141398e-30,3.6029159540313755e-13,0.08438733651007892,0.0,0.0,0.0,2694400.437179957,13.460239064501758,13.1342018607393,0.5020479359583331,0.0011612345400128573,0.0,0.00010010292447784314,0.001580681444961444,7.376942439742974e-11,2.5644132070571452e-11,2.7715190732023588e-11,2.3407466011323273e-11,1.1405143133393272e-12,3.889328070709877e-12,1.895349341412074e-12,1.1491980163482937e-12,1.1244081497521108e-12
# success,4.0,4.0,4.0,4.0,4.0,4.0,4.0,4.0,4.0,4.0,4.0,4.0,4.0,4.0,4.0,4.0,4.0,4.0,4.0,4.0,4.0,3.0,4.0
