Legend,Volume/[m^3],Box size/[m],Temperature/[K],Number of wat,Number of S,Number of Li,Pressure/[Pa],Tot Energy/[kJ],Potential Energy/[kJ],Density/[kg/m^3],Molarity/[mol/l],Molality/[mol/kg],Viscosity shear/[Pa*s],Viscosity bulk/[Pa*s],Self diffusivity YH_cor wat/[m^2/s],Self diffusivity YH_cor S/[m^2/s],Self diffusivity YH_cor Li/[m^2/s],Onsager watwat/[m^2/s],Onsager watS/[m^2/s],Onsager watLi/[m^2/s],Onsager SS/[m^2/s],Onsager SLi/[m^2/s],Onsager LiLi/[m^2/s]
Mean,1.6414166666666668e-26,2.5413995213989567e-09,297.8952533333333,500.0,27.0,54.0,1687238.982349,-63334.90949333333,-67581.46308266667,1211.6393,2.731454970341696,2.9974554933367674,0.002741221082157989,,,,,,,,,,
std,3.727674282386683e-30,1.923751971522985e-13,0.09790936765153278,0.0,0.0,0.0,3441542.7060566177,13.296548843538087,12.918644850348679,0.2717223705671523,0.0006202231279406936,0.0,0.0001860828225548385,,,,,,,,,,
# success,3.0,3.0,3.0,3.0,3.0,3.0,3.0,3.0,3.0,3.0,3.0,3.0,3.0,0.0,0.0,0.0,0.0,0.0,0.0,0.0,0.0,0.0,0.0
