Legend,Volume/[m^3],Box size/[m],Temperature/[K],Number of wat,Number of Na,Number of B,Pressure/[Pa],Tot Energy/[kJ],Potential Energy/[kJ],Density/[kg/m^3],Molarity/[mol/l],Molality/[mol/kg],Viscosity shear/[Pa*s],Viscosity bulk/[Pa*s],Self diffusivity YH_cor wat/[m^2/s],Self diffusivity YH_cor Na/[m^2/s],Self diffusivity YH_cor B/[m^2/s],Onsager watwat/[m^2/s],Onsager watNa/[m^2/s],Onsager watB/[m^2/s],Onsager NaNa/[m^2/s],Onsager NaB/[m^2/s],Onsager BB/[m^2/s]
Mean,1.64176e-26,2.541576666455325e-09,297.89077499999996,500.0,27.0,27.0,-1727553.5545668756,-36273.473558000005,-40352.771049999996,1189.2862,2.7308841074205716,2.9974554933367674,0.0023516842614063134,0.003914701439473489,1.0689301563865079e-09,6.335302842736601e-10,4.2911870574803244e-10,2.1035927183976419e-10,-1.907966363832834e-11,-4.521870015169218e-11,2.077099251504176e-11,-1.8286704207866663e-12,8.87916087537978e-12
std,6.982478070141398e-30,3.6029159540313755e-13,0.07107448117995811,0.0,0.0,0.0,1912854.2369263985,11.182687084026268,10.974859152719743,0.5020479359583331,0.0011612345400128573,0.0,8.53601931633443e-05,0.0006680166412024283,3.6448800726658774e-11,0.0,0.0,2.034398838442306e-11,2.498811612425238e-12,5.7232550930279264e-12,1.2910954659801213e-12,3.9422946600388625e-13,4.738703476163273e-13
# success,4.0,4.0,4.0,4.0,4.0,4.0,4.0,4.0,4.0,4.0,4.0,4.0,2.0,3.0,2.0,1.0,1.0,3.0,3.0,2.0,3.0,3.0,2.0
