Legend,Volume/[m^3],Box size/[m],Temperature/[K],Number of wat,Number of S,Number of Li,Pressure/[Pa],Tot Energy/[kJ],Potential Energy/[kJ],Density/[kg/m^3],Molarity/[mol/l],Molality/[mol/kg],Viscosity shear/[Pa*s],Viscosity bulk/[Pa*s],Self diffusivity YH_cor wat/[m^2/s],Self diffusivity YH_cor S/[m^2/s],Self diffusivity YH_cor Li/[m^2/s],Onsager watwat/[m^2/s],Onsager watS/[m^2/s],Onsager watLi/[m^2/s],Onsager SS/[m^2/s],Onsager SLi/[m^2/s],Onsager LiLi/[m^2/s]
Mean,1.6414166666666668e-26,2.5413995213989567e-09,297.9008333333333,500.0,27.0,54.0,2146956.8487500004,-63331.15784,-67577.79232000001,1211.6393,2.731454970341696,2.9974554933367674,,,,,,3.226770226142026e-10,-5.995918823069973e-11,7.92178150828285e-12,1.1361431840520025e-11,-3.0446938603565115e-12,1.7238338797076925e-11
std,3.727674282386683e-30,1.923751971522985e-13,0.1089372551313646,0.0,0.0,0.0,2750415.511105979,9.921374788929231,9.426192854626736,0.2717223705671523,0.0006202231279406936,0.0,,,,,,1.3783305684464083e-11,3.2421791334298915e-12,1.4000905955169661e-12,5.855822296833041e-13,0.0,0.0
# success,3.0,3.0,3.0,3.0,3.0,3.0,3.0,3.0,3.0,3.0,3.0,3.0,0.0,0.0,0.0,0.0,0.0,2.0,2.0,2.0,2.0,1.0,1.0
