Legend,Volume/[m^3],Box size/[m],Temperature/[K],Number of wat,Number of Na,Number of B,Pressure/[Pa],Tot Energy/[kJ],Potential Energy/[kJ],Density/[kg/m^3],Molarity/[mol/l],Molality/[mol/kg],Viscosity shear/[Pa*s],Viscosity bulk/[Pa*s],Self diffusivity YH_cor wat/[m^2/s],Self diffusivity YH_cor Na/[m^2/s],Self diffusivity YH_cor B/[m^2/s],Onsager watwat/[m^2/s],Onsager watNa/[m^2/s],Onsager watB/[m^2/s],Onsager NaNa/[m^2/s],Onsager NaB/[m^2/s],Onsager BB/[m^2/s]
Mean,1.64176e-26,2.541576666455325e-09,297.8690625,500.0,27.0,27.0,-526811.4015756175,-36275.867119799994,-40354.8679662,1189.2862,2.7308841074205716,2.9974554933367674,0.00237013583775431,0.006257532870964723,1.059107514701046e-09,5.553856309171634e-10,4.103189512575794e-10,2.1312684896230941e-10,-2.1175276793825302e-11,-4.1649981218283175e-11,1.8919575509133652e-11,-5.904872096618458e-13,9.603864603627818e-12
std,6.982478070141398e-30,3.6029159540313755e-13,0.08527570347481747,0.0,0.0,0.0,2709392.5842575403,13.591115581094208,13.255751482310243,0.5020479359583331,0.0011612345400128573,0.0,0.00011214492977563714,0.001550985733103988,7.342115958056787e-11,2.7680659475961144e-11,2.8405986662400523e-11,2.0733310039254887e-11,1.8523911480045397e-12,4.788685996730777e-12,1.6608817495463582e-12,7.626961858865885e-14,1.3151057755382939e-12
# success,4.0,4.0,4.0,4.0,4.0,4.0,4.0,4.0,4.0,4.0,4.0,4.0,4.0,4.0,4.0,4.0,4.0,4.0,4.0,4.0,4.0,2.0,4.0
