Legend,Volume/[m^3],Box size/[m],Temperature/[K],Number of wat,Number of Li,Number of S,Pressure/[Pa],Tot Energy/[kJ],Potential Energy/[kJ],Density/[kg/m^3],Molarity/[mol/l],Molality/[mol/kg],Viscosity shear/[Pa*s],Viscosity bulk/[Pa*s],Self diffusivity YH_cor wat/[m^2/s],Self diffusivity YH_cor Li/[m^2/s],Self diffusivity YH_cor S/[m^2/s],Onsager watwat/[m^2/s],Onsager watLi/[m^2/s],Onsager watS/[m^2/s],Onsager LiLi/[m^2/s],Onsager LiS/[m^2/s],Onsager SS/[m^2/s]
Mean,1.6414166666666668e-26,2.5413995213989567e-09,297.897075,500.0,54.0,27.0,1600461.2554691248,-63336.61447333333,-67583.19316666666,1211.6393,2.731454970341696,2.9974554933367674,0.002544269194413364,,,,,,,,,,
std,3.727674282386683e-30,1.923751971522985e-13,0.09697635397639796,0.0,0.0,0.0,3391413.265496299,13.395577181940656,13.049222776870886,0.2717223705671523,0.0006202231279406936,0.0,7.748976205415353e-05,,,,,,,,,,
# success,3.0,3.0,3.0,3.0,3.0,3.0,3.0,3.0,3.0,3.0,3.0,3.0,2.0,0.0,0.0,0.0,0.0,0.0,0.0,0.0,0.0,0.0,0.0
