Legend,Volume/[m^3],Box size/[m],Temperature/[K],Number of wat,Number of Na,Number of B,Pressure/[Pa],Tot Energy/[kJ],Potential Energy/[kJ],Density/[kg/m^3],Molarity/[mol/l],Molality/[mol/kg],Viscosity shear/[Pa*s],Viscosity bulk/[Pa*s],Self diffusivity YH_cor wat/[m^2/s],Self diffusivity YH_cor Na/[m^2/s],Self diffusivity YH_cor B/[m^2/s],Onsager watwat/[m^2/s],Onsager watNa/[m^2/s],Onsager watB/[m^2/s],Onsager NaNa/[m^2/s],Onsager NaB/[m^2/s],Onsager BB/[m^2/s]
Mean,1.64176e-26,2.541576666455325e-09,297.84246249999995,500.0,27.0,27.0,-1724562.6824803117,-36280.75842500001,-40359.395368000005,1189.2862,2.7308841074205716,2.9974554933367674,0.0023297886810097193,0.005182507828031747,1.0746212056016677e-09,5.691765649491103e-10,4.453968163867274e-10,1.9862992867115716e-10,-2.3393121667442244e-11,-3.951001578678525e-11,2.2053047785386616e-11,-1.3190815959668157e-12,9.511597068261604e-12
std,6.982478070141398e-30,3.6029159540313755e-13,0.08121602655110638,0.0,0.0,0.0,2226683.850649982,12.32714944128206,11.926138733541977,0.5020479359583331,0.0011612345400128573,0.0,0.0002670852031100135,0.00038190970553912776,6.572104418475246e-11,4.6157878236605406e-11,2.6507920755241576e-11,2.1296622179914887e-11,7.481089447944426e-12,4.262760701559111e-12,1.8809881872753076e-12,1.0620740718228426e-12,9.928698358673703e-13
# success,4.0,4.0,4.0,4.0,4.0,4.0,4.0,4.0,4.0,4.0,4.0,4.0,4.0,4.0,4.0,4.0,2.0,4.0,3.0,4.0,3.0,4.0,4.0
