Legend,Volume/[m^3],Box size/[m],Temperature/[K],Number of wat,Number of S,Number of Li,Pressure/[Pa],Tot Energy/[kJ],Potential Energy/[kJ],Density/[kg/m^3],Molarity/[mol/l],Molality/[mol/kg],Viscosity shear/[Pa*s],Viscosity bulk/[Pa*s],Self diffusivity YH_cor wat/[m^2/s],Self diffusivity YH_cor S/[m^2/s],Self diffusivity YH_cor Li/[m^2/s],Onsager watwat/[m^2/s],Onsager watS/[m^2/s],Onsager watLi/[m^2/s],Onsager SS/[m^2/s],Onsager SLi/[m^2/s],Onsager LiLi/[m^2/s]
Mean,1.6414166666666668e-26,2.5413995213989567e-09,297.89276666666666,500.0,27.0,54.0,2315414.207365,-63329.26806666667,-67575.81189333333,1211.6393,2.731454970341696,2.9974554933367674,0.0025383148120250573,0.005017237815267394,,,,3.1285083103954175e-10,-5.922110477996136e-11,,1.1290332215146186e-11,-2.1452951623108166e-12,1.6946332568809397e-11
std,3.727674282386683e-30,1.923751971522985e-13,0.10717021248670158,0.0,0.0,0.0,2938471.6248704866,10.945785688845413,10.431099773154548,0.2717223705671523,0.0006202231279406936,0.0,0.00013983611384649208,0.0008189370254618423,,,,0.0,0.0,,0.0,0.0,0.0
# success,3.0,3.0,3.0,3.0,3.0,3.0,3.0,3.0,3.0,3.0,3.0,3.0,2.0,2.0,0.0,0.0,0.0,1.0,1.0,0.0,1.0,1.0,1.0
