Legend,Volume/[m^3],Box size/[m],Temperature/[K],Number of wat,Number of S,Number of Li,Pressure/[Pa],Tot Energy/[kJ],Potential Energy/[kJ],Density/[kg/m^3],Molarity/[mol/l],Molality/[mol/kg],Viscosity shear/[Pa*s],Viscosity bulk/[Pa*s],Self diffusivity YH_cor wat/[m^2/s],Self diffusivity YH_cor S/[m^2/s],Self diffusivity YH_cor Li/[m^2/s],Onsager watwat/[m^2/s],Onsager watS/[m^2/s],Onsager watLi/[m^2/s],Onsager SS/[m^2/s],Onsager SLi/[m^2/s],Onsager LiLi/[m^2/s]
Mean,1.6414166666666668e-26,2.5413995213989567e-09,297.86854444444447,500.0,27.0,54.0,1684382.207993333,-63330.73944,-67576.92762666666,1211.6393,2.731454970341696,2.9974554933367674,0.00240747687330622,,,,,2.7576149073708013e-10,-5.194890698150006e-11,6.0785185065551125e-12,9.861267208713128e-12,-2.3871782020388153e-12,1.6999562017707622e-11
std,3.727674282386683e-30,1.923751971522985e-13,0.10645829241863514,0.0,0.0,0.0,3174268.4662473816,11.333050043877282,10.813603359119917,0.2717223705671523,0.0006202231279406936,0.0,0.00014732132746997188,,,,,0.0,0.0,1.8485922959892076e-12,0.0,4.742286232480199e-13,5.775819134947598e-13
# success,3.0,3.0,3.0,3.0,3.0,3.0,3.0,3.0,3.0,3.0,3.0,3.0,2.0,0.0,0.0,0.0,0.0,1.0,1.0,2.0,1.0,2.0,2.0
