Legend,Volume/[m^3],Box size/[m],Temperature/[K],Number of wat,Number of Na,Number of B,Pressure/[Pa],Tot Energy/[kJ],Potential Energy/[kJ],Density/[kg/m^3],Molarity/[mol/l],Molality/[mol/kg],Viscosity shear/[Pa*s],Viscosity bulk/[Pa*s],Self diffusivity YH_cor wat/[m^2/s],Self diffusivity YH_cor Na/[m^2/s],Self diffusivity YH_cor B/[m^2/s],Onsager watwat/[m^2/s],Onsager watNa/[m^2/s],Onsager watB/[m^2/s],Onsager NaNa/[m^2/s],Onsager NaB/[m^2/s],Onsager BB/[m^2/s]
Mean,1.64176e-26,2.541576666455325e-09,297.84930833333334,500.0,27.0,27.0,-1403769.21055875,-36280.96849666667,-40359.697662000006,1189.2862,2.7308841074205716,2.9974554933367674,0.002203159997887768,0.005186111704387014,1.1013435573288078e-09,5.868686427063932e-10,4.474298362057127e-10,2.0858730015471898e-10,-2.1479756641753594e-11,-4.14769998222096e-11,1.914002963809913e-11,-4.153796564692982e-13,9.979575380665914e-12
std,6.982478070141398e-30,3.6029159540313755e-13,0.08116578156601627,0.0,0.0,0.0,2349562.247512862,12.970832212933178,12.58750080388737,0.5020479359583331,0.0011612345400128573,0.0,0.00011924056236732884,0.0007208310107998903,3.058339452295748e-11,6.714309271953903e-12,1.3130707584830689e-11,1.1475446965789914e-11,6.349206273732354e-12,3.6309491706961e-12,1.6106890317087101e-12,1.5865738084682903e-12,1.0418500556235527e-12
# success,4.0,4.0,4.0,4.0,4.0,4.0,4.0,4.0,4.0,4.0,4.0,4.0,3.0,4.0,3.0,3.0,2.0,2.0,4.0,3.0,4.0,3.0,3.0
