Legend,Volume/[m^3],Box size/[m],Temperature/[K],Number of wat,Number of Li,Number of S,Pressure/[Pa],Tot Energy/[kJ],Potential Energy/[kJ]
Mean,1.6415275e-26,2.541456720841272e-09,297.893435,500.0,54.0,27.0,1428467.718864375,-63731.989224000004,-67978.527472
std,3.755912006424807e-30,1.938336682910359e-13,0.0869639435340884,0.0,0.0,0.0,2911606.811657271,10.86617786561291,10.494730627866943
# success,4.0,4.0,4.0,4.0,4.0,4.0,4.0,4.0,4.0
