Legend,Volume/[m^3],Box size/[m],Temperature/[K],Number of wat,Number of Na,Number of B,Pressure/[Pa],Tot Energy/[kJ],Potential Energy/[kJ],Density/[kg/m^3],Molarity/[mol/l],Molality/[mol/kg],Viscosity shear/[Pa*s],Viscosity bulk/[Pa*s],Self diffusivity YH_cor wat/[m^2/s],Self diffusivity YH_cor Na/[m^2/s],Self diffusivity YH_cor B/[m^2/s],Onsager watwat/[m^2/s],Onsager watNa/[m^2/s],Onsager watB/[m^2/s],Onsager NaNa/[m^2/s],Onsager NaB/[m^2/s],Onsager BB/[m^2/s]
Mean,1.64176e-26,2.541576666455325e-09,297.86104,500.0,27.0,27.0,-676385.71256025,-36278.7000016,-40357.5903904,1189.2862,2.7308841074205716,2.9974554933367674,0.0024256373102567994,0.005617599027800721,1.0622237635461037e-09,5.641889559462957e-10,4.0287933212342063e-10,2.1301349446705762e-10,-2.2515848215170723e-11,-4.228070326314988e-11,2.071889568147501e-11,-6.077488525038771e-13,9.820296587531364e-12
std,6.982478070141398e-30,3.6029159540313755e-13,0.08012365100268423,0.0,0.0,0.0,2518239.685762047,13.694155379406812,13.354622599867428,0.5020479359583331,0.0011612345400128573,0.0,0.0001887784327116702,0.0011825535873423666,6.597939576461137e-11,3.3984490729192515e-11,3.915687469499756e-11,1.1813616249288456e-11,6.334487059199888e-12,1.5462680768270323e-12,1.5599532763827498e-12,8.097419732323282e-13,2.3204063376372893e-13
# success,4.0,4.0,4.0,4.0,4.0,4.0,4.0,4.0,4.0,4.0,4.0,4.0,4.0,4.0,4.0,4.0,3.0,4.0,4.0,4.0,3.0,4.0,4.0
