Legend,Volume/[m^3],Box size/[m],Temperature/[K],Number of wat,Number of Na,Number of B,Pressure/[Pa],Tot Energy/[kJ],Potential Energy/[kJ],Density/[kg/m^3],Molarity/[mol/l],Molality/[mol/kg],Viscosity shear/[Pa*s],Viscosity bulk/[Pa*s],Self diffusivity YH_cor wat/[m^2/s],Self diffusivity YH_cor Na/[m^2/s],Self diffusivity YH_cor B/[m^2/s],Onsager watwat/[m^2/s],Onsager watNa/[m^2/s],Onsager watB/[m^2/s],Onsager NaNa/[m^2/s],Onsager NaB/[m^2/s],Onsager BB/[m^2/s]
Mean,1.64176e-26,2.541576666455325e-09,297.86270416666673,500.0,27.0,27.0,-745925.0803674685,-36277.59131133334,-40356.504572666665,1189.2862,2.7308841074205716,2.9974554933367674,0.0024607161085570136,0.005613502882898247,1.0638659420047052e-09,5.575471269694313e-10,4.040985323927119e-10,2.2440085755916124e-10,-2.0727319858216157e-11,-4.398369926788797e-11,1.7884491118397898e-11,2.915832279003961e-14,9.988127365611883e-12
std,6.982478070141398e-30,3.6029159540313755e-13,0.07912760384955522,0.0,0.0,0.0,2532434.2605652227,13.851870762011886,13.550476479035531,0.5020479359583331,0.0011612345400128573,0.0,0.00018273509235871218,0.001436674262458104,7.094578887638604e-11,3.6873903600289625e-11,2.957356619149682e-11,8.180811937781107e-12,2.1305371918624543e-12,9.228066779339209e-13,4.030849703806536e-12,7.218424775392043e-13,4.643480199150836e-13
# success,4.0,4.0,4.0,4.0,4.0,4.0,4.0,4.0,4.0,4.0,4.0,4.0,4.0,4.0,4.0,4.0,4.0,4.0,4.0,4.0,4.0,4.0,4.0
