Legend,Volume/[m^3],Box size/[m],Temperature/[K],Number of wat,Number of S,Number of Li,Pressure/[Pa],Tot Energy/[kJ],Potential Energy/[kJ],Density/[kg/m^3],Molarity/[mol/l],Molality/[mol/kg],Viscosity shear/[Pa*s],Viscosity bulk/[Pa*s],Self diffusivity YH_cor wat/[m^2/s],Self diffusivity YH_cor S/[m^2/s],Self diffusivity YH_cor Li/[m^2/s],Onsager watwat/[m^2/s],Onsager watS/[m^2/s],Onsager watLi/[m^2/s],Onsager SS/[m^2/s],Onsager SLi/[m^2/s],Onsager LiLi/[m^2/s]
Mean,1.6414166666666668e-26,2.5413995213989567e-09,297.88868333333335,500.0,27.0,54.0,2121120.64899,-63330.02583555557,-67576.49527999999,1211.6393,2.731454970341696,2.9974554933367674,0.0025063830311699235,0.004983951570343492,8.328576252442876e-10,3.871469058710681e-10,4.0288223026889255e-10,2.7187689983567787e-10,-5.059076651976824e-11,,9.639126430081681e-12,-2.18375088766655e-12,1.5703643083823805e-11
std,3.727674282386683e-30,1.923751971522985e-13,0.10168885019060181,0.0,0.0,0.0,3379548.3179517784,12.861621200718616,12.479330249269717,0.2717223705671523,0.0006202231279406936,0.0,3.677255178484548e-05,0.0,8.77522681781312e-12,6.503608713694992e-12,2.1917367893230777e-12,1.2809357024519211e-11,1.878600219614364e-12,,5.467878986124246e-13,0.0,4.172651726049291e-13
# success,3.0,3.0,3.0,3.0,3.0,3.0,3.0,3.0,3.0,3.0,3.0,3.0,2.0,1.0,2.0,2.0,2.0,3.0,3.0,0.0,3.0,1.0,3.0
