Legend,Volume/[m^3],Box size/[m],Temperature/[K],Number of wat,Number of S,Number of Li,Pressure/[Pa],Tot Energy/[kJ],Potential Energy/[kJ],Density/[kg/m^3],Molarity/[mol/l],Molality/[mol/kg],Viscosity shear/[Pa*s],Viscosity bulk/[Pa*s],Self diffusivity YH_cor wat/[m^2/s],Self diffusivity YH_cor S/[m^2/s],Self diffusivity YH_cor Li/[m^2/s],Onsager watwat/[m^2/s],Onsager watS/[m^2/s],Onsager watLi/[m^2/s],Onsager SS/[m^2/s],Onsager SLi/[m^2/s],Onsager LiLi/[m^2/s]
Mean,1.6414166666666668e-26,2.5413995213989567e-09,297.8906666666667,500.0,27.0,54.0,1817590.7475200004,-63329.34078857143,-67575.83978666666,1211.6393,2.731454970341696,2.9974554933367674,0.0025128499473983244,0.00556738250472289,8.359800741510048e-10,3.9018497249340273e-10,4.042555241639545e-10,3.043069105306627e-10,-1.727078155636675e-11,-6.94591008389201e-12,9.97349514046097e-12,1.0062544665729647e-12,1.7065068036110197e-11
std,3.727674282386683e-30,1.923751971522985e-13,0.09889343837785834,0.0,0.0,0.0,3559842.1996380505,12.99901907845185,12.63049723866872,0.2717223705671523,0.0006202231279406936,0.0,3.938098961690176e-06,0.0,1.2192831396964465e-11,4.095156571789464e-12,5.8719048235378016e-12,5.541392173040041e-11,4.6441652478060124e-11,0.0,8.533357893582207e-13,2.463118596419022e-12,1.7969882282857231e-12
# success,3.0,3.0,3.0,3.0,3.0,3.0,3.0,3.0,3.0,3.0,3.0,3.0,2.0,1.0,2.0,2.0,2.0,3.0,3.0,1.0,3.0,2.0,3.0
