Legend,Volume/[m^3],Box size/[m],Temperature/[K],Number of wat,Number of Na,Number of B,Pressure/[Pa],Tot Energy/[kJ],Potential Energy/[kJ],Density/[kg/m^3],Molarity/[mol/l],Molality/[mol/kg],Viscosity shear/[Pa*s],Viscosity bulk/[Pa*s],Self diffusivity YH_cor wat/[m^2/s],Self diffusivity YH_cor Na/[m^2/s],Self diffusivity YH_cor B/[m^2/s],Onsager watwat/[m^2/s],Onsager watNa/[m^2/s],Onsager watB/[m^2/s],Onsager NaNa/[m^2/s],Onsager NaB/[m^2/s],Onsager BB/[m^2/s]
Mean,1.64176e-26,2.541576666455325e-09,297.86756785714283,500.0,27.0,27.0,-610919.7857750622,-36277.799515142855,-40356.77977028572,1189.2862,2.7308841074205716,2.9974554933367674,0.0024336903220060534,0.005679699816887934,1.0615597073358977e-09,5.651810948414277e-10,4.079713430766728e-10,2.2308371306064845e-10,-2.049492900336087e-11,-4.144257584108633e-11,1.7947695668648525e-11,1.5140210224993626e-13,1.0132913710762936e-11
std,6.982478070141398e-30,3.6029159540313755e-13,0.07997519473536203,0.0,0.0,0.0,2590005.1569070835,13.675740842022432,13.364578705864124,0.5020479359583331,0.0011612345400128573,0.0,0.00015753268424575784,0.0012139786357780325,7.081512359159381e-11,4.21027175559182e-11,3.132690365915849e-11,8.248696765223827e-12,2.009594236783569e-12,3.1475239370234835e-12,2.704059049114803e-12,6.235795669865428e-13,2.9371318279047105e-13
# success,4.0,4.0,4.0,4.0,4.0,4.0,4.0,4.0,4.0,4.0,4.0,4.0,4.0,4.0,4.0,4.0,4.0,4.0,4.0,4.0,4.0,3.0,4.0
