Legend,Volume/[m^3],Box size/[m],Temperature/[K],Number of wat,Number of Na,Number of B,Pressure/[Pa],Tot Energy/[kJ],Potential Energy/[kJ],Density/[kg/m^3],Molarity/[mol/l],Molality/[mol/kg],Viscosity shear/[Pa*s],Viscosity bulk/[Pa*s],Self diffusivity YH_cor wat/[m^2/s],Self diffusivity YH_cor Na/[m^2/s],Self diffusivity YH_cor B/[m^2/s],Onsager watwat/[m^2/s],Onsager watNa/[m^2/s],Onsager watB/[m^2/s],Onsager NaNa/[m^2/s],Onsager NaB/[m^2/s],Onsager BB/[m^2/s]
Mean,1.64176e-26,2.541576666455325e-09,297.86394062500005,500.0,27.0,27.0,-480709.3396656797,-36278.11779800001,-40357.048667,1189.2862,2.7308841074205716,2.9974554933367674,0.002485107098207874,0.004902924082870187,1.063855880863507e-09,5.573579837915038e-10,4.10101962630816e-10,2.1255815699778406e-10,-2.023083518622211e-11,-4.409081534445618e-11,1.7750019594639493e-11,-1.9286253173482578e-14,9.958286623109686e-12
std,6.982478070141398e-30,3.6029159540313755e-13,0.08090175773304804,0.0,0.0,0.0,2611898.2110274923,13.355205891097231,13.049635397378411,0.5020479359583331,0.0011612345400128573,0.0,0.00011886904944708716,0.00018306246573202212,6.860037367374241e-11,3.486296917090637e-11,2.7169192860862535e-11,1.6665378319493248e-11,3.6219555215407257e-12,8.957536315425971e-13,2.5299302433424248e-12,1.1528581512007792e-12,3.606600670808739e-13
# success,4.0,4.0,4.0,4.0,4.0,4.0,4.0,4.0,4.0,4.0,4.0,4.0,4.0,3.0,4.0,4.0,4.0,4.0,4.0,4.0,4.0,4.0,4.0
