Legend,Volume/[m^3],Box size/[m],Temperature/[K],Number of wat,Number of S,Number of Li,Pressure/[Pa],Tot Energy/[kJ],Potential Energy/[kJ],Density/[kg/m^3],Molarity/[mol/l],Molality/[mol/kg],Viscosity shear/[Pa*s],Viscosity bulk/[Pa*s],Self diffusivity YH_cor wat/[m^2/s],Self diffusivity YH_cor S/[m^2/s],Self diffusivity YH_cor Li/[m^2/s],Onsager watwat/[m^2/s],Onsager watS/[m^2/s],Onsager watLi/[m^2/s],Onsager SS/[m^2/s],Onsager SLi/[m^2/s],Onsager LiLi/[m^2/s]
Mean,1.6414166666666668e-26,2.5413995213989567e-09,297.89044583333333,500.0,27.0,54.0,1675293.709005,-63329.36569333333,-67575.86070666666,1211.6393,2.731454970341696,2.9974554933367674,0.0026852954027000273,0.005813108535336635,8.298824013115201e-10,3.9040938086240737e-10,4.018865903281226e-10,2.5920766625801047e-10,-7.169171144275928e-12,-2.1903068459079646e-12,1.0395007729805136e-11,-1.4471468290745396e-12,1.87005134327467e-11
std,3.727674282386683e-30,1.923751971522985e-13,0.09677103480424076,0.0,0.0,0.0,3478360.4374302393,12.845921746120233,12.490326980894562,0.2717223705671523,0.0006202231279406936,0.0,8.107452152489474e-05,0.0,1.9685285857425742e-11,8.542809050741325e-12,1.018171542080415e-11,1.1945801616627727e-11,5.852497435394137e-11,3.903580095893779e-12,1.721804504030374e-12,0.0,2.8937329457712218e-12
# success,3.0,3.0,3.0,3.0,3.0,3.0,3.0,3.0,3.0,3.0,3.0,3.0,3.0,1.0,3.0,3.0,3.0,2.0,3.0,2.0,3.0,1.0,3.0
