Legend,Volume/[m^3],Box size/[m],Temperature/[K],Number of wat,Number of Na,Number of B,Pressure/[Pa],Tot Energy/[kJ],Potential Energy/[kJ],Density/[kg/m^3],Molarity/[mol/l],Molality/[mol/kg],Viscosity shear/[Pa*s],Viscosity bulk/[Pa*s],Self diffusivity YH_cor wat/[m^2/s],Self diffusivity YH_cor Na/[m^2/s],Self diffusivity YH_cor B/[m^2/s],Onsager watwat/[m^2/s],Onsager watNa/[m^2/s],Onsager watB/[m^2/s],Onsager NaNa/[m^2/s],Onsager NaB/[m^2/s],Onsager BB/[m^2/s]
Mean,1.64176e-26,2.541576666455325e-09,297.86171388888886,500.0,27.0,27.0,-355931.5446264378,-36278.119192666665,-40357.01955333333,1189.2862,2.7308841074205716,2.9974554933367674,0.0024215736459794364,0.005031281399608811,1.065639670606039e-09,5.551909003575822e-10,4.095854188994876e-10,2.1701818492573435e-10,-2.235336661005064e-11,-4.3349844934255574e-11,1.771867046015002e-11,1.014846657721884e-12,9.4593761614866e-12
std,6.982478070141398e-30,3.6029159540313755e-13,0.08384300129253897,0.0,0.0,0.0,2631670.3083856017,13.606801716348954,13.2705414703173,0.5020479359583331,0.0011612345400128573,0.0,0.00014073194748195908,0.0002726474958675278,6.88161634960445e-11,3.9933678510600926e-11,3.7207068955712014e-11,9.543442740944757e-12,4.770713012120623e-12,2.184713992857864e-12,2.0403386731974723e-12,1.2224972610752688e-12,7.006930805961159e-13
# success,4.0,4.0,4.0,4.0,4.0,4.0,4.0,4.0,4.0,4.0,4.0,4.0,4.0,3.0,4.0,4.0,4.0,4.0,4.0,4.0,4.0,4.0,4.0
