Legend,Volume/[m^3],Box size/[m],Temperature/[K],Number of wat,Number of S,Number of Li,Pressure/[Pa],Tot Energy/[kJ],Potential Energy/[kJ],Density/[kg/m^3],Molarity/[mol/l],Molality/[mol/kg],Viscosity shear/[Pa*s],Viscosity bulk/[Pa*s],Self diffusivity YH_cor wat/[m^2/s],Self diffusivity YH_cor S/[m^2/s],Self diffusivity YH_cor Li/[m^2/s],Onsager watwat/[m^2/s],Onsager watS/[m^2/s],Onsager watLi/[m^2/s],Onsager SS/[m^2/s],Onsager SLi/[m^2/s],Onsager LiLi/[m^2/s]
Mean,1.6414166666666668e-26,2.5413995213989567e-09,297.8946037037037,500.0,27.0,54.0,1687102.7151922223,-63329.41140740741,-67575.96375703703,1211.6393,2.731454970341696,2.9974554933367674,0.0026416909128776137,,8.716282340290405e-10,4.181214530731324e-10,4.307370524398081e-10,2.6517404531784906e-10,-4.5490128331221295e-11,3.7787652505944255e-12,9.034501900853021e-12,-1.2323733653660797e-12,1.63855329309245e-11
std,3.727674282386683e-30,1.923751971522985e-13,0.10034167862426864,0.0,0.0,0.0,3485086.0987158325,13.003720337951767,12.598025897555965,0.2717223705671523,0.0006202231279406936,0.0,0.00012925689323970056,,7.783105324665189e-11,5.4533810709467286e-11,5.3227146656108e-11,2.6951816685894916e-12,3.571469709292436e-12,0.0,2.4854457074766873e-13,3.070080011159458e-15,4.722904505133432e-13
# success,3.0,3.0,3.0,3.0,3.0,3.0,3.0,3.0,3.0,3.0,3.0,3.0,3.0,0.0,3.0,3.0,3.0,2.0,2.0,1.0,2.0,2.0,2.0
